IN_VEHICLE,0.021303
ON_BICYCLE,0.004971
ON_FOOT,0.039056
STATIC,0.695722
UNKNOWN,0.238949
