IN_VEHICLE,0.032019
ON_BICYCLE,0.003227
ON_FOOT,0.030374
STILL,0.437132
TILTING,0.262988
UNKNOWN,0.234259
