ON_BICYCLE,0.001403
ON_FOOT,0.025245
STILL,0.535764
TILTING,0.385694
UNKNOWN,0.051893
